epoch,train/loss,val/loss,learning_rate,train/time,val/time,train/confmaps/head,train/confmaps/thorax,train/confmaps/abdomen_center,train/confmaps/abdomen_tip
0,,0.06805433332920074,,,,,,,
0,,0.006488603539764881,,,,,,,
1,0.011549641378223896,0.006306066177785397,9.999999747378752e-05,33.687808990478516,3.7353365421295166,0.0020396378822624683,0.0017744186334311962,0.0015454116510227323,0.0016899220645427704
2,0.006388548295944929,0.006198091432452202,9.999999747378752e-05,33.619319915771484,3.652198076248169,0.001039029099047184,0.0010452368296682835,0.0010681188432499766,0.0009391755447722971
3,0.006239734124392271,0.006059721112251282,9.999999747378752e-05,33.45441818237305,3.7048730850219727,0.001010302221402526,0.0010031098499894142,0.0010417808080092072,0.0009382762364111841
4,0.0061222887597978115,0.0056966752745211124,9.999999747378752e-05,33.13200378417969,3.6052167415618896,0.001000410644337535,0.0009645351092331111,0.0010077203623950481,0.0009410196798853576
5,0.0058620949275791645,0.00630546547472477,9.999999747378752e-05,33.565895080566406,3.6464788913726807,0.0009436127147637308,0.0008609123178757727,0.0009783369023352861,0.0009206876857206225
6,0.00563690485432744,0.005359851289540529,9.999999747378752e-05,33.429054260253906,3.7048778533935547,0.0008750948472879827,0.0007964942487888038,0.0009574061841703951,0.0008954099612310529
7,0.0055094510316848755,0.005198460537940264,9.999999747378752e-05,33.942867279052734,3.675816535949707,0.0008252963307313621,0.0007647037855349481,0.0009228523704223335,0.0009093644912354648
8,0.005433350335806608,0.005067178979516029,9.999999747378752e-05,33.63209915161133,3.687175750732422,0.0007973695173859596,0.0007720539579167962,0.0009183454094454646,0.0008737671305425465
9,0.005190170835703611,0.005664456635713577,9.999999747378752e-05,32.97476577758789,3.5642688274383545,0.0007469207630492747,0.0007121074595488608,0.0008790192659944296,0.0008451230241917074
10,0.005024444777518511,0.004869489930570126,9.999999747378752e-05,33.219451904296875,3.6126561164855957,0.0007056709728203714,0.0006589805707335472,0.0008561880677007139,0.0008217483991757035
11,0.004927577916532755,0.0047097718343138695,9.999999747378752e-05,33.11992263793945,3.715066432952881,0.0006864919560030103,0.0006712274625897408,0.0008371609728783369,0.0008018937078304589
12,0.004721430595964193,0.0043362900614738464,9.999999747378752e-05,33.19217300415039,3.6953234672546387,0.0006475640111602843,0.0006173924193717539,0.0008019055239856243,0.000773015315644443
13,0.00445933360606432,0.00411799643188715,9.999999747378752e-05,33.1977653503418,3.8261427879333496,0.0005889167077839375,0.0005833309260196984,0.0007556581986136734,0.0007415870204567909
14,0.004395892843604088,0.003943045157939196,9.999999747378752e-05,33.711368560791016,3.760324716567993,0.0005849912413395941,0.0005641818279400468,0.0007525366963818669,0.0007190576870925725
15,0.004213748499751091,0.003934516571462154,9.999999747378752e-05,33.8031120300293,3.6946356296539307,0.0005448529263958335,0.0005268193781375885,0.0007288889028131962,0.0006856073741801083
16,0.004225081764161587,0.0039694467559456825,9.999999747378752e-05,32.80406188964844,3.6445205211639404,0.0005471651093102992,0.0005514420918188989,0.0007159322849474847,0.0006841099821031094
17,0.004071921110153198,0.003713228739798069,9.999999747378752e-05,33.200931549072266,3.7913167476654053,0.0005197501159273088,0.0004976365598849952,0.0006999679608270526,0.0006706552812829614
18,0.003898422699421644,0.0037960007321089506,9.999999747378752e-05,33.069889068603516,3.58085036277771,0.000499127374496311,0.00048107514157891273,0.0006694854237139225,0.0006457426934503019
19,0.0038779231254011393,0.0035195653326809406,9.999999747378752e-05,32.83285903930664,3.6652636528015137,0.00048454050556756556,0.00047078236821107566,0.0006667813868261874,0.0006338400999084115
20,0.003731663106009364,0.0035027351696044207,9.999999747378752e-05,32.71266174316406,3.6510348320007324,0.00048795194015838206,0.000453819491667673,0.00064493139507249,0.000603058491833508
21,0.003731955774128437,0.0036366968415677547,9.999999747378752e-05,33.0590705871582,3.6620523929595947,0.00048332082224078476,0.00045156554551795125,0.0006441411096602678,0.0005997450207360089
22,0.0035713922698050737,0.003404893446713686,9.999999747378752e-05,32.73379898071289,3.6052262783050537,0.0004741065204143524,0.00042816626955755055,0.0006248917779885232,0.0005639383452944458
23,0.0035413429141044617,0.0035793178249150515,9.999999747378752e-05,32.80381774902344,3.637694835662842,0.00045974444947205484,0.0004162238910794258,0.0006223816890269518,0.0005637651192955673
24,0.0034885064233094454,0.003156121587380767,9.999999747378752e-05,32.77840805053711,3.6135361194610596,0.00045001230319030583,0.00042928356560878456,0.0006088361260481179,0.0005488631431944668
25,0.0033742066007107496,0.0031562356743961573,9.999999747378752e-05,32.74314498901367,3.629944086074829,0.00045487607712857425,0.0004131783207412809,0.0005956363747827709,0.0005203648470342159
26,0.003402317175641656,0.003320972202345729,9.999999747378752e-05,32.70948028564453,3.7323501110076904,0.0004507740668486804,0.00041572775808162987,0.0005944597069174051,0.0005213596159592271
27,0.0032810920383781195,0.0030358226504176855,9.999999747378752e-05,32.62028503417969,3.627624034881592,0.0004319500003475696,0.0003870996297337115,0.000580556399654597,0.0005004258709959686
28,0.0032557323575019836,0.003099775640293956,9.999999747378752e-05,32.676002502441406,3.649014711380005,0.00042437389492988586,0.00037846676423214376,0.0005831554299220443,0.0004977709613740444
29,0.0031708257738500834,0.0030443184077739716,9.999999747378752e-05,32.879512786865234,3.718625783920288,0.00041712902020663023,0.0003614843008108437,0.0005734314909204841,0.0004763976903632283
30,0.0031815769616514444,0.003023168770596385,9.999999747378752e-05,34.03971862792969,3.8502299785614014,0.0004253667138982564,0.0003866293700411916,0.000573032652027905,0.0004608392482623458
31,0.0031223371624946594,0.002890924224629998,9.999999747378752e-05,32.520965576171875,3.6020798683166504,0.00041483159293420613,0.00034438230795785785,0.0005749779520556331,0.00045676418812945485
32,0.0030370678286999464,0.002889994764700532,9.999999747378752e-05,32.90296173095703,3.620806932449341,0.0004031398275401443,0.00034555335878394544,0.0005534310475923121,0.0004426653904374689
33,0.0029971220064908266,0.00286639085970819,9.999999747378752e-05,33.05783462524414,3.7226343154907227,0.0003895300906151533,0.00033656807499937713,0.0005411065649241209,0.00044561841059476137
34,0.002975551877170801,0.0029112049378454685,9.999999747378752e-05,32.958351135253906,3.601538896560669,0.00039645886863581836,0.00031862713512964547,0.0005406835698522627,0.0004424807266332209
35,0.0029214229434728622,0.0028975012246519327,9.999999747378752e-05,33.052757263183594,3.6222455501556396,0.0003804692823905498,0.00032364370417781174,0.0005383459501899779,0.0004180025134701282
36,0.0029325801879167557,0.002685905434191227,9.999999747378752e-05,32.91777038574219,3.6398420333862305,0.00038825537194497883,0.00032961968099698424,0.0005367932026274502,0.0004182671254966408
37,0.0028938818722963333,0.002685428597033024,9.999999747378752e-05,32.984683990478516,3.721024751663208,0.00038688944187015295,0.00033084285678341985,0.0005276012234389782,0.0004078049096278846
38,0.002867235569283366,0.002720138756558299,9.999999747378752e-05,32.968509674072266,3.668991804122925,0.0003698543878272176,0.0003133528516627848,0.0005291166598908603,0.00041249889181926847
39,0.0027829601895064116,0.002691863104701042,9.999999747378752e-05,33.23390197753906,3.672541618347168,0.0003664377727545798,0.00031656515784561634,0.0005105126765556633,0.0003907184873241931
40,0.0028165339026600122,0.0026364107616245747,9.999999747378752e-05,32.90413284301758,3.6302878856658936,0.00036794814513996243,0.00033575730049051344,0.0005048341117799282,0.0004132729081902653
41,0.0027167093940079212,0.002769709564745426,9.999999747378752e-05,32.79434585571289,3.5777273178100586,0.0003632462758105248,0.0002950367925222963,0.0005061745177954435,0.0003749652241822332
42,0.002739147050306201,0.0029042335227131844,9.999999747378752e-05,32.7971305847168,3.64072585105896,0.0003579201875254512,0.0002959411358460784,0.0005110836355015635,0.0003856123657897115
43,0.002661713631823659,0.0026266351342201233,9.999999747378752e-05,32.89639663696289,3.673260450363159,0.000354171876097098,0.0002828081196639687,0.0004924022359773517,0.00037230574525892735
44,0.002721726195886731,0.0027072264347225428,9.999999747378752e-05,34.76799774169922,3.909851312637329,0.00035146428854204714,0.00029112855554558337,0.0005075418157503009,0.0003778483660425991
45,0.0026684380136430264,0.002600329229608178,9.999999747378752e-05,33.179542541503906,3.5699281692504883,0.00034551782300695777,0.0002986881881952286,0.000499072833918035,0.00037155247991904616
46,0.0026032179594039917,0.002545502968132496,9.999999747378752e-05,33.08863067626953,3.764202356338501,0.0003356149245519191,0.0003005620383191854,0.0004911365685984492,0.00035563608980737627
47,0.0025508380495011806,0.00261979759670794,9.999999747378752e-05,35.1649169921875,3.85969877243042,0.0003376408712938428,0.00027875721571035683,0.0004737996496260166,0.00036066840402781963
48,0.0025889433454722166,0.002720392309129238,9.999999747378752e-05,34.89417266845703,3.8510582447052,0.0003375818196218461,0.0002735337766353041,0.0004827844095416367,0.00036498747067525983
49,0.0025570974685251713,0.0024736281484365463,9.999999747378752e-05,35.38668441772461,3.879100799560547,0.00034023961052298546,0.0002646109205670655,0.00047597463708370924,0.00035427312832325697
50,0.0025367923080921173,0.002509953221306205,9.999999747378752e-05,35.66257858276367,3.8521955013275146,0.0003332093183416873,0.0002756467438302934,0.00047239396371878684,0.0003485835622996092
51,0.002536492422223091,0.0024841667618602514,9.999999747378752e-05,34.24639892578125,3.8927202224731445,0.00032663121237419546,0.0002841195382643491,0.0004764586628880352,0.0003502296458464116
52,0.002441658405587077,0.0024618017487227917,9.999999747378752e-05,35.48247528076172,3.8716378211975098,0.00030933035304769874,0.00026002185768447816,0.00046414468670263886,0.00033900365815497935
53,0.0024987380020320415,0.002404287690296769,9.999999747378752e-05,36.138572692871094,3.9725441932678223,0.00032864679815247655,0.00028118424233980477,0.00046503861085511744,0.00034587577101774514
54,0.0024472845252603292,0.0024009556509554386,9.999999747378752e-05,34.01883316040039,3.622833251953125,0.00032366946106776595,0.000255157909123227,0.0004536419583018869,0.0003431625955272466
55,0.0023808968253433704,0.002366116037592292,9.999999747378752e-05,33.18545913696289,3.695286750793457,0.00030582919134758413,0.0002530825149733573,0.00044870973215438426,0.00032826041569933295
56,0.0024319221265614033,0.0024652970023453236,9.999999747378752e-05,33.31064224243164,3.644399642944336,0.00032072828616946936,0.00025340879801660776,0.0004533649771474302,0.00033560287556611
57,0.0023840435314923525,0.002385841216892004,9.999999747378752e-05,33.11231231689453,3.6656081676483154,0.0003073785628657788,0.000245389441261068,0.00045423288247548044,0.00032590224873274565
58,0.0024002189747989178,0.002266785129904747,9.999999747378752e-05,32.651580810546875,3.579235553741455,0.00031518712057732046,0.0002592224336694926,0.00044917009654454887,0.00032464854302816093
59,0.002377701224759221,0.002394465496763587,9.999999747378752e-05,32.56951904296875,3.6795785427093506,0.00030540177249349654,0.0002514259540475905,0.00043683237163349986,0.0003362324496265501
60,0.002368230139836669,0.002309459261596203,9.999999747378752e-05,32.67811965942383,3.624361753463745,0.0003022061719093472,0.0002632856194395572,0.00043990742415189743,0.0003272838075645268
61,0.002320641651749611,0.0022413425613194704,9.999999747378752e-05,32.81496047973633,3.642888069152832,0.00030133663676679134,0.0002477928646840155,0.00044147419976070523,0.00031065239454619586
62,0.0022409039083868265,0.0023452909663319588,9.999999747378752e-05,33.06262969970703,3.5340592861175537,0.0002922642161138356,0.00023529038298875093,0.00042141115409322083,0.00030592401162721217
63,0.0022407385986298323,0.002267687814310193,9.999999747378752e-05,32.94478988647461,3.6847639083862305,0.00028942152857780457,0.00023394744493998587,0.00042050203774124384,0.00031236038194037974
64,0.0022495421580970287,0.002270546043291688,9.999999747378752e-05,32.800018310546875,3.605196237564087,0.0002969815395772457,0.00024532951647415757,0.0004177170048933476,0.00030602587503381073
65,0.0022810236550867558,0.002262922003865242,9.999999747378752e-05,32.45382308959961,3.55013108253479,0.00029047869611531496,0.00024394069623667747,0.00042885172297246754,0.00031373376259580255
66,0.00225723534822464,0.002254939405247569,9.999999747378752e-05,33.02888107299805,3.707430839538574,0.0002970029891002923,0.00023503490956500173,0.00042300554923713207,0.00030701738432981074
67,0.0022867906372994184,0.002138253068551421,9.999999747378752e-05,32.75921630859375,3.6396095752716064,0.00028783705784007907,0.0002551945799496025,0.0004252806247677654,0.00031829799991101027
68,0.002203234937041998,0.002270239172503352,9.999999747378752e-05,32.657814025878906,3.620133638381958,0.0002826914133038372,0.000239228131249547,0.0004134011105634272,0.0002969551715068519
69,0.002184471348300576,0.0022692885249853134,9.999999747378752e-05,32.77972412109375,3.640591859817505,0.00027925538597628474,0.00023359223268926144,0.00041110801976174116,0.00028920479235239327
70,0.0022004912607371807,0.0022840267047286034,9.999999747378752e-05,32.451480865478516,3.6077768802642822,0.0002818515058606863,0.0002395313640590757,0.00040639526559971273,0.00030836209771223366
71,0.002163412282243371,0.002112096641212702,9.999999747378752e-05,32.55044174194336,3.5510520935058594,0.0002803585084620863,0.0002360211656196043,0.00040419900324195623,0.0002925656153820455
72,0.0021479676943272352,0.0022184299305081367,9.999999747378752e-05,32.70236587524414,3.613264322280884,0.00028302884311415255,0.00023598400002811104,0.0003988137177657336,0.0002858132647816092
73,0.002129474887624383,0.0021541982423514128,9.999999747378752e-05,32.6668815612793,3.654017925262451,0.0002658418088685721,0.00023127294844016433,0.00040048317168839276,0.00029126182198524475
74,0.002121433848515153,0.002164178993552923,9.999999747378752e-05,32.868770599365234,3.695080041885376,0.0002773722808342427,0.00023199644056148827,0.00039935371023602784,0.00028441750328056514
75,0.002146798651665449,0.002108273794874549,9.999999747378752e-05,32.526947021484375,3.5546586513519287,0.00027585364296101034,0.0002400489611318335,0.00039889937033876777,0.00028715518419630826
76,0.002105162013322115,0.002168921986594796,9.999999747378752e-05,32.60007858276367,3.608933925628662,0.00027462001889944077,0.00022380362497642636,0.0003901257296092808,0.0002910152543336153
77,0.002077201148495078,0.0021630553528666496,9.999999747378752e-05,32.82753372192383,3.664992570877075,0.0002702728088479489,0.000227687691221945,0.0003925686178263277,0.0002677057054825127
78,0.002083817031234503,0.002106687519699335,9.999999747378752e-05,32.81040573120117,3.5857064723968506,0.00027500049327500165,0.00022348674247041345,0.0003921878233086318,0.00028039285098202527
79,0.0020510051399469376,0.0021026351023465395,9.999999747378752e-05,32.56188201904297,3.6332714557647705,0.000263429043116048,0.00022182497195899487,0.0003863926394842565,0.0002735205343924463
80,0.0020751659758388996,0.002048107096925378,9.999999747378752e-05,32.58405685424805,3.589768648147583,0.00026951407198794186,0.00022540480131283402,0.0003847844200208783,0.00028211792232468724
81,0.0020304920617491007,0.001998655265197158,9.999999747378752e-05,32.52263641357422,3.61832857131958,0.00026397992041893303,0.00022036104928702116,0.0003809076442848891,0.0002688894746825099
82,0.0020610594656318426,0.0021786110009998083,9.999999747378752e-05,32.87868881225586,3.633504867553711,0.0002575674734544009,0.00021191233827266842,0.00038646816392429173,0.0002812121529132128
83,0.0020221087615936995,0.002131182001903653,9.999999747378752e-05,32.82038497924805,3.5569915771484375,0.000259561522398144,0.00023120360856410116,0.00037380054709501565,0.0002743686200119555
84,0.0020351193379610777,0.0021101287566125393,9.999999747378752e-05,32.54597854614258,3.55362868309021,0.00026287560467608273,0.0002161416778108105,0.0003811701317317784,0.00027920756838284433
85,0.0019811957608908415,0.0020328760147094727,9.999999747378752e-05,32.75308609008789,3.5639114379882812,0.00026020340737886727,0.00020492765179369599,0.00037258167867548764,0.0002604202018119395
86,0.002009624382480979,0.0020762465428560972,9.999999747378752e-05,32.76344299316406,3.608297824859619,0.0002574690442997962,0.00022342776355799288,0.0003729230083990842,0.0002722230274230242
87,0.001980706350877881,0.0020354227162897587,9.999999747378752e-05,32.851566314697266,3.6030590534210205,0.00025635858764871955,0.0002156389964511618,0.00037194459582678974,0.0002572054509073496
88,0.0019417960429564118,0.0020131331402808428,9.999999747378752e-05,33.67123031616211,3.5841710567474365,0.00025622008251957595,0.00020703126210719347,0.00036432966589927673,0.00025275061489082873
89,0.001961356960237026,0.0020138181280344725,9.999999747378752e-05,33.42182540893555,3.915351152420044,0.0002497643290553242,0.00021111685782670975,0.00037217329372651875,0.00026149945915676653
90,0.001935826032422483,0.0019445528741925955,9.999999747378752e-05,33.12240982055664,3.646364212036133,0.00025127289700321853,0.0002116627583745867,0.0003589360567275435,0.0002605068439152092
91,0.0019663148559629917,0.001960798166692257,9.999999747378752e-05,32.75454330444336,3.587475061416626,0.000258297601249069,0.00020608227350749075,0.00036970959627069533,0.00026226541376672685
92,0.0019754734821617603,0.002011763397604227,9.999999747378752e-05,32.78617858886719,3.6576902866363525,0.0002531817299313843,0.0002101379941450432,0.000364204723155126,0.00027036029496230185
93,0.001934562111273408,0.002115862211212516,9.999999747378752e-05,32.84489440917969,3.688779592514038,0.0002481596020516008,0.00020901115203741938,0.0003614887536969036,0.0002583901514299214
94,0.001884142286144197,0.0019730282947421074,9.999999747378752e-05,33.099754333496094,3.5393869876861572,0.00024394945648964494,0.0002095427189487964,0.00035676913103088737,0.00024654934532009065
95,0.0018967066425830126,0.0020738421007990837,9.999999747378752e-05,32.77522277832031,3.618474006652832,0.00024783023400232196,0.0002057653764495626,0.0003533775161486119,0.00025084929075092077
96,0.00188657536637038,0.0020530952606350183,9.999999747378752e-05,32.55381774902344,3.6444807052612305,0.00024414228391833603,0.00020174500241409987,0.00035634468076750636,0.00024408617173321545
97,0.00191772123798728,0.002138543874025345,9.999999747378752e-05,32.69111251831055,3.7187254428863525,0.00025360775180161,0.00021348183508962393,0.000353970070136711,0.00025159295182675123
98,0.0018948809010908008,0.002008198294788599,9.999999747378752e-05,32.8307991027832,3.5486772060394287,0.0002446396101731807,0.00020247673091944307,0.0003508945519570261,0.0002532921207603067
99,0.0019063235959038138,0.0021010171622037888,9.999999747378752e-05,32.94884490966797,3.6276700496673584,0.0002444686251692474,0.0002066184679279104,0.0003600595227908343,0.0002487471210770309
100,0.0018882934236899018,0.001894674263894558,9.999999747378752e-05,32.581241607666016,3.5827794075012207,0.0002406230050837621,0.0002031535404967144,0.00035320938332006335,0.00024996959837153554
101,0.001765799941495061,0.001856509712524712,4.999999873689376e-05,33.36138153076172,3.6848764419555664,0.0002267096861032769,0.00019465963123366237,0.000330305629177019,0.00023378257174044847
102,0.0017631299560889602,0.0019016097066923976,4.999999873689376e-05,32.774192810058594,3.593308448791504,0.00022949489357415587,0.00019124546088278294,0.00032873995951376855,0.0002291615237481892
103,0.0017371082212775946,0.0018817369127646089,4.999999873689376e-05,32.90689468383789,3.6550817489624023,0.00022721756249666214,0.0001855966984294355,0.00032418849878013134,0.00023296952713280916
104,0.001742592896334827,0.00182770483661443,4.999999873689376e-05,33.22297286987305,3.669055938720703,0.00022496281599160284,0.000191216662642546,0.00032601095153950155,0.00022966632968746126
105,0.0017258452717214823,0.0018798033706843853,4.999999873689376e-05,33.39445114135742,3.6832098960876465,0.0002260827604914084,0.00018607931269798428,0.00032410616404376924,0.00022466358495876193
106,0.0017027993453666568,0.001909914193674922,4.999999873689376e-05,33.60776138305664,3.6961166858673096,0.0002239328168798238,0.00018915256077889353,0.0003204431850463152,0.00021725957049056888
107,0.0016938589978963137,0.00184289226308465,4.999999873689376e-05,32.8731575012207,3.664069890975952,0.00022549298591911793,0.00018652199651114643,0.0003152063873130828,0.00021905970061197877
108,0.0016819690354168415,0.0018709199503064156,4.999999873689376e-05,33.10451126098633,3.745856761932373,0.00022504899243358523,0.00018071885278914124,0.00031577562913298607,0.00020922588009852916
109,0.0017124045407399535,0.0019038396421819925,4.999999873689376e-05,33.05105209350586,3.5613796710968018,0.00022664331481792033,0.0001856963790487498,0.00032125943107530475,0.00022277396055869758
110,0.001692271907813847,0.0018549880478531122,4.999999873689376e-05,32.82834243774414,3.567542552947998,0.00022095642634667456,0.000182096628122963,0.000314783159410581,0.00022490830451715738
111,0.0017041710671037436,0.0018096892163157463,4.999999873689376e-05,33.320926666259766,3.6598429679870605,0.00022309424821287394,0.00018072575039695948,0.00031988852424547076,0.00022010556131135672
112,0.0017060877289623022,0.0018535492708906531,4.999999873689376e-05,33.097129821777344,3.6141109466552734,0.00021753281180281192,0.0001879216288216412,0.00031939850305207074,0.00022045760124456137
113,0.0016587757272645831,0.0018292780732735991,4.999999873689376e-05,32.95154571533203,3.6868956089019775,0.0002179159055231139,0.00017814108286984265,0.0003081562463194132,0.0002160323056159541
114,0.0016990771982818842,0.001905755139887333,4.999999873689376e-05,32.94703674316406,3.6975018978118896,0.0002267295349156484,0.0001875842281151563,0.00031332936487160623,0.0002197271096520126
115,0.0016604759730398655,0.0018921404844149947,4.999999873689376e-05,33.695030212402344,3.8588972091674805,0.00021729255968239158,0.0001836911542341113,0.00031474881689064205,0.00021044877939857543
116,0.0016543477540835738,0.0018484697211533785,4.999999873689376e-05,34.50083541870117,4.129622459411621,0.0002176747948396951,0.00018282221572007984,0.0003047237987630069,0.00022131542209535837
117,0.0016818525036796927,0.00183383421972394,4.999999873689376e-05,34.0661506652832,3.666693925857544,0.00022087253455538303,0.00018104033370036632,0.00031628101714886725,0.00021518285211641341
118,0.001660658628679812,0.001873394357971847,4.999999873689376e-05,33.57452392578125,3.7455811500549316,0.00021543014736380428,0.0001828474923968315,0.0003141005290672183,0.00020947410666849464
119,0.0016620262758806348,0.0017909579910337925,4.999999873689376e-05,33.016517639160156,3.7258219718933105,0.00022068104590289295,0.0001847393868956715,0.00030912968213669956,0.00021196395391598344
120,0.0016706587048247457,0.0018143081106245518,4.999999873689376e-05,32.92008590698242,3.496108055114746,0.00021214254957158118,0.00018380151595920324,0.00030982945463620126,0.00021789019228890538
121,0.001645200653001666,0.0018584101926535368,4.999999873689376e-05,33.06775665283203,3.7450602054595947,0.00021598130115307868,0.00018501878366805613,0.00030593175324611366,0.00021002162247896194
122,0.001637218869291246,0.001858553267084062,4.999999873689376e-05,33.43751907348633,3.7452189922332764,0.00022190349409356713,0.00017996800306718796,0.00030486538889817894,0.00021018227562308311
123,0.001635667635127902,0.0017893363256007433,4.999999873689376e-05,33.006874084472656,3.6614041328430176,0.0002160317962989211,0.00017797517648432404,0.0003014932735823095,0.00020980261615477502
124,0.0016301629366353154,0.0018326579593122005,4.999999873689376e-05,33.197147369384766,3.8138372898101807,0.0002094750088872388,0.00017590470088180155,0.00030587532091885805,0.0002095495001412928
125,0.0016444730572402477,0.0018556286813691258,4.999999873689376e-05,33.30734634399414,3.6320505142211914,0.0002148125204257667,0.00018514196563046426,0.00030658344621770084,0.00021169039246160537
126,0.0016068563563749194,0.001771090435795486,4.999999873689376e-05,33.2879638671875,3.7831900119781494,0.00021287212439347059,0.0001766021450748667,0.00029405468376353383,0.00021431504865176976
127,0.0016151994932442904,0.0018184526124969125,4.999999873689376e-05,33.09777069091797,3.67496657371521,0.00021509303769562393,0.00016884478100109845,0.0003020283184014261,0.00020679320732597262
128,0.0016383214388042688,0.0018077072454616427,4.999999873689376e-05,33.622562408447266,3.779728889465332,0.00021184288198128343,0.00016906132805161178,0.00030609776149503887,0.00021263629605527967
129,0.0016051741549745202,0.0017703981138765812,4.999999873689376e-05,33.075477600097656,3.5698792934417725,0.00020858808420598507,0.00017652516544330865,0.0003032079548574984,0.0002059567195829004
130,0.0016248913016170263,0.0017559031257405877,4.999999873689376e-05,32.99003219604492,3.6870715618133545,0.00021120406745467335,0.00018179121252615005,0.00030401197727769613,0.00021045915491413325
131,0.001576737267896533,0.0017524957656860352,4.999999873689376e-05,33.061031341552734,3.6324119567871094,0.00020886151469312608,0.00017380141071043909,0.00029329911922104657,0.00020449107978492975
132,0.0015864373417571187,0.0018276748014613986,4.999999873689376e-05,33.31512451171875,3.7898950576782227,0.00021205954544711858,0.00017725735960993916,0.0002896631194744259,0.00020162537111900747
133,0.0016188136069104075,0.0018029133789241314,4.999999873689376e-05,34.911895751953125,3.9562761783599854,0.00020899188530165702,0.00017945542640518397,0.0003054517728742212,0.0001986548159038648
134,0.0015848977491259575,0.0018027368932962418,4.999999873689376e-05,34.35405731201172,3.611774444580078,0.0002072431379929185,0.0001766392815625295,0.00028891299734823406,0.0002130405919160694
135,0.001600910210981965,0.0018248873529955745,4.999999873689376e-05,33.189903259277344,3.75054669380188,0.0002054865035461262,0.0001788726367522031,0.00029860236099921167,0.00020653000683523715
136,0.0015983724733814597,0.0018123900517821312,4.999999873689376e-05,33.4100227355957,3.7367234230041504,0.00021483071031980217,0.0001772148098098114,0.0002913520438596606,0.00020608679915312678
137,0.0015950860688462853,0.0017759420443326235,4.999999873689376e-05,36.024383544921875,4.049578666687012,0.0002062114217551425,0.00017058024241123348,0.00030108584905974567,0.00020616954134311527
138,0.0015824001748114824,0.0017991906497627497,4.999999873689376e-05,33.99272537231445,3.6207125186920166,0.00020471868629101664,0.0001765322667779401,0.00029158039251342416,0.0002015618229052052
139,0.0015712659806013107,0.0017475103959441185,4.999999873689376e-05,32.84616470336914,3.6980602741241455,0.00020696234423667192,0.00017578003462404013,0.00029508143779821694,0.00019462071941234171
140,0.0015740784583613276,0.0017837627092376351,4.999999873689376e-05,32.8905029296875,3.633849620819092,0.00020429592404980212,0.00017673437832854688,0.000296189624350518,0.0002008964802371338
141,0.0015401907730847597,0.0017413789173588157,4.999999873689376e-05,32.930057525634766,3.5822336673736572,0.0002040375693468377,0.00016616676293779165,0.00028545729583129287,0.00019878811144735664
142,0.0015529440715909004,0.0017575614620000124,4.999999873689376e-05,32.418357849121094,3.613826274871826,0.00020122820569667965,0.0001730597869027406,0.00028958023176528513,0.00020310537365730852
143,0.001580805517733097,0.001716633909381926,4.999999873689376e-05,33.21400451660156,3.6019725799560547,0.0002082812279695645,0.0001758148573571816,0.0002893685013987124,0.00019851181423291564
144,0.0015433504013344646,0.0018001787830144167,4.999999873689376e-05,32.979820251464844,3.539937973022461,0.00019611555035226047,0.00016680695989634842,0.00029088713927194476,0.00019607885042205453
145,0.001580356969498098,0.0017789267003536224,4.999999873689376e-05,32.63563537597656,3.5910849571228027,0.00020539633987937123,0.00017790670972317457,0.0002962011203635484,0.0001979983935598284
146,0.0015562999760732055,0.001792789320461452,4.999999873689376e-05,32.73414993286133,3.621709108352661,0.00020315499568823725,0.00016902459901757538,0.00028485216898843646,0.0002037275698967278
147,0.0015275564510375261,0.001827176078222692,4.999999873689376e-05,32.678466796875,3.5988662242889404,0.00020009897707495838,0.00016985648835543543,0.0002889467286877334,0.00019538472406566143
148,0.0015426708851009607,0.0017591300420463085,4.999999873689376e-05,32.89412307739258,3.72076416015625,0.00020486075663939118,0.000173270222148858,0.0002845059207174927,0.0001950936421053484
149,0.00153288000728935,0.0017651268281042576,4.999999873689376e-05,33.37018585205078,3.5720982551574707,0.0002023975393967703,0.00017255707643926144,0.00028181617381051183,0.00019672942289616913
150,0.0015306725399568677,0.0017479495145380497,4.999999873689376e-05,32.77332305908203,3.6226298809051514,0.00019756430992856622,0.0001657769171288237,0.0002831771271303296,0.00020327493257354945
151,0.0015068578068166971,0.0017910213209688663,4.999999873689376e-05,32.60205841064453,3.5912070274353027,0.0001997188664972782,0.0001733709214022383,0.00027997131110168993,0.00018724768597166985
152,0.0014967212919145823,0.0017837986815720797,4.999999873689376e-05,32.626338958740234,3.6003119945526123,0.0001972634781850502,0.00016417975712101907,0.0002825095143634826,0.00019139771757181734
153,0.0015118165174499154,0.0017129501793533564,4.999999873689376e-05,32.41278076171875,3.6004719734191895,0.0001972296740859747,0.0001660230482229963,0.0002780487993732095,0.00020144258451182395
154,0.0014561593998223543,0.0017210252117365599,2.499999936844688e-05,33.10419845581055,3.596339702606201,0.00019012439588550478,0.00016397805302403867,0.0002723407233133912,0.00018549006199464202
155,0.0014562911819666624,0.0017283610068261623,2.499999936844688e-05,32.93431091308594,3.61611270904541,0.00019253460050094873,0.0001555294293211773,0.0002700663171708584,0.00018160683976020664
156,0.0014358290936797857,0.001754498458467424,2.499999936844688e-05,33.01647186279297,3.572261333465576,0.00018925100448541343,0.00015243566303979605,0.0002717726747505367,0.00018608100072015077
157,0.001432953984476626,0.0017116121016442776,2.499999936844688e-05,32.52952194213867,3.6113059520721436,0.00018945282499771565,0.00016371437232010067,0.0002677805896382779,0.00017888018919620663
158,0.0014478655066341162,0.0017223763279616833,2.499999936844688e-05,32.55413818359375,3.6039371490478516,0.00019016925944015384,0.0001628943718969822,0.00027193527785129845,0.00017913866031449288
159,0.0014481766847893596,0.0017473703483119607,2.499999936844688e-05,32.932796478271484,3.7038581371307373,0.00018482457380741835,0.00016004483040887862,0.00027193778078071773,0.00018658902263268828
160,0.0014711758121848106,0.001705847680568695,2.499999936844688e-05,32.79085159301758,3.6081886291503906,0.00019476847955957055,0.00016897938621696085,0.00027375362697057426,0.00018002447905018926
161,0.0014740012120455503,0.0016935296589508653,2.499999936844688e-05,32.87924575805664,3.6394779682159424,0.0001923043018905446,0.00016719725681468844,0.0002710404805839062,0.00018605026707518846
162,0.001427204580977559,0.0016905624652281404,2.499999936844688e-05,32.72254180908203,3.6336817741394043,0.00018090291996486485,0.00016335048712790012,0.0002656029537320137,0.00018090424418915063
163,0.0014116287929937243,0.0017043204279616475,2.499999936844688e-05,32.73930358886719,3.498333215713501,0.0001877138711279258,0.00016071398567873985,0.000263488560449332,0.00017755752196535468
164,0.0014429341536015272,0.0017256191931664944,2.499999936844688e-05,32.91664505004883,3.71635365486145,0.00018623509095050395,0.00016063227667473257,0.0002701201301533729,0.00018040962459053844
165,0.001420728862285614,0.0017063028644770384,2.499999936844688e-05,33.059749603271484,3.549185037612915,0.0001860121701611206,0.0001599129318492487,0.00026804531808011234,0.00017286508227698505
166,0.0014300472103059292,0.0016738942358642817,2.499999936844688e-05,37.54814529418945,4.024265289306641,0.0001896040776045993,0.00015889971109572798,0.0002645381900947541,0.0001754365803208202
167,0.001458509941585362,0.0017148437909781933,2.499999936844688e-05,36.639808654785156,3.9463350772857666,0.0001895654568215832,0.0001564050035085529,0.0002734090085141361,0.00018624123185873032
168,0.001449482049793005,0.0017011802410706878,2.499999936844688e-05,33.59628677368164,3.6516101360321045,0.00018768131849355996,0.00017233521793968976,0.0002672721166163683,0.00018036080291494727
169,0.0014407765120267868,0.0017332200659438968,2.499999936844688e-05,33.153656005859375,3.712587594985962,0.00018783453560899943,0.00016412137483712286,0.0002681101323105395,0.00018435322272125632
170,0.001418515108525753,0.001712247496470809,2.499999936844688e-05,33.147682189941406,3.5887093544006348,0.00018303464457858354,0.00016304379096254706,0.0002634178090374917,0.0001770701928762719
171,0.0014135991223156452,0.0016946388641372323,2.499999936844688e-05,33.400596618652344,4.0005669593811035,0.0001867382088676095,0.0001610358594916761,0.00025925302179530263,0.0001758663565851748
172,0.0014112478820607066,0.001687397132627666,2.499999936844688e-05,33.16030502319336,3.6451542377471924,0.00019029383838642389,0.00016069013508968055,0.00025965439272113144,0.00017675006529316306
173,0.001434143166989088,0.0016994642792269588,2.499999936844688e-05,33.504451751708984,3.630610466003418,0.00018609011021908373,0.00015743321273475885,0.00026692499523051083,0.00018095302220899612
174,0.0014307844685390592,0.0017403982346877456,2.499999936844688e-05,33.00347137451172,3.642181158065796,0.00018167488451581448,0.00016057341417763382,0.0002683555940166116,0.00017679791199043393
175,0.0014073355123400688,0.0016734183300286531,2.499999936844688e-05,32.714908599853516,3.649491786956787,0.0001872862339951098,0.0001593140623299405,0.0002572104858700186,0.00017757968453224748
176,0.001395038329064846,0.001676413114182651,2.499999936844688e-05,32.94794464111328,3.5732297897338867,0.0001869437692221254,0.0001610478211659938,0.0002573326928541064,0.0001745770568959415
177,0.0014166333712637424,0.0016933470033109188,2.499999936844688e-05,32.99190902709961,3.6816627979278564,0.00018725893460214138,0.00016066848183982074,0.0002578274579718709,0.00017987967294175178
178,0.0014191067311912775,0.001748570124618709,2.499999936844688e-05,33.08932876586914,3.565548896789551,0.00018661774811334908,0.00015733865438960493,0.00026731580146588385,0.00017988005129154772
179,0.0014083352871239185,0.0016988764982670546,2.499999936844688e-05,32.93931579589844,3.6497883796691895,0.00017753554857335985,0.0001641302224015817,0.0002597183338366449,0.00017745820514392108
180,0.0014270792016759515,0.0016812680987641215,2.499999936844688e-05,33.268611907958984,3.6175663471221924,0.00018769917369354516,0.00016274384688585997,0.00026222190354019403,0.00017933077469933778
181,0.0013923688093200326,0.0017033281037583947,2.499999936844688e-05,33.07758331298828,3.6417770385742188,0.0001821710611693561,0.00015722363605163991,0.0002573846431914717,0.00017819833010435104
182,0.0014105469454079866,0.0016938027692958713,2.499999936844688e-05,33.49695587158203,3.7678256034851074,0.00018549787637311965,0.00015491496014874429,0.00026560883270576596,0.00017182072042487562
183,0.0013749725185334682,0.0017218836583197117,2.499999936844688e-05,33.645484924316406,3.7783358097076416,0.00018329187878407538,0.00015892421652097255,0.0002584742906037718,0.0001663614675635472
184,0.0014069100143387914,0.0017090614419430494,2.499999936844688e-05,33.79745864868164,3.814055919647217,0.00018486999033484608,0.00016584477270953357,0.0002617123245727271,0.00017046999710146338
185,0.0013790711527690291,0.001678410335443914,2.499999936844688e-05,33.80302429199219,3.7619359493255615,0.0001815428549889475,0.0001606301957508549,0.0002534394443500787,0.0001766280474839732
186,0.001390259014442563,0.0017104421276599169,1.249999968422344e-05,33.41952133178711,3.7069575786590576,0.0001782616600394249,0.00015728638391010463,0.00026028271531686187,0.0001695237006060779
187,0.0013571266317740083,0.001696460647508502,1.249999968422344e-05,32.939292907714844,3.63942551612854,0.00017372700676787645,0.00015898556739557534,0.00025032093981280923,0.00016943764057941735
188,0.0013498456683009863,0.0016888008685782552,1.249999968422344e-05,33.64223861694336,3.7611196041107178,0.00018003453442361206,0.0001555819035274908,0.000251403747824952,0.00016570241132285446
189,0.0013658965472131968,0.001689503202214837,1.249999968422344e-05,33.09518814086914,3.550051212310791,0.00017698798910714686,0.0001549704174976796,0.00025372038362547755,0.00016923253133427352
190,0.0013529070420190692,0.001665542833507061,1.249999968422344e-05,33.35469436645508,3.710047483444214,0.00017677077266853303,0.00015508121578022838,0.00025318205007351935,0.00016936047177296132
191,0.0013344561448320746,0.0016965257236734033,1.249999968422344e-05,33.6778564453125,3.7215383052825928,0.00017792182916309685,0.00014802513760514557,0.0002488447353243828,0.00016599407535977662
192,0.0013436112785711884,0.0016912432620301843,1.249999968422344e-05,33.54601287841797,3.648116111755371,0.00017592968652024865,0.00015068368520587683,0.0002490332117304206,0.00017369104898534715
193,0.0013584198895841837,0.0016484588850289583,1.249999968422344e-05,33.204864501953125,3.7441372871398926,0.0001743188768159598,0.00015469890786334872,0.0002568197960499674,0.00016510886780451983
194,0.0013448518002405763,0.0016724441666156054,1.249999968422344e-05,33.339576721191406,3.771393060684204,0.00017671973910182714,0.00015262993110809475,0.00024597649462521076,0.00017142163414973766
195,0.001341727445833385,0.0016826294595375657,1.249999968422344e-05,34.69325637817383,4.451595306396484,0.00017554483201820403,0.00015523756155744195,0.00025194991030730307,0.00016307143960148096
196,0.0013564680702984333,0.0016452203271910548,1.249999968422344e-05,33.21770477294922,3.7827279567718506,0.00018095046107191592,0.0001557809009682387,0.00025133046437986195,0.00016917948960326612
197,0.0013211258919909596,0.0016467153327539563,1.249999968422344e-05,33.86915588378906,3.7695536613464355,0.0001706490438664332,0.00015570136019960046,0.000248785741860047,0.00016558765491936356
198,0.0013572521274909377,0.001679107779636979,1.249999968422344e-05,33.567466735839844,3.6537704467773438,0.0001772311661625281,0.00015471754886675626,0.00025273486971855164,0.00016462583153042942
199,0.001347444485872984,0.0016707711620256305,1.249999968422344e-05,33.480716705322266,3.5657169818878174,0.0001715588878141716,0.00015648629050701857,0.0002497629029676318,0.00016868056263774633
200,0.0013520142529159784,0.0016896019224077463,1.249999968422344e-05,33.21254348754883,3.7254393100738525,0.00018198840552940965,0.0001594909990672022,0.0002468411694280803,0.00016689555195625871
201,0.0013338492717593908,0.0016611493192613125,1.249999968422344e-05,33.78268814086914,3.6364567279815674,0.00017295863653998822,0.00014640450535807759,0.000246871670242399,0.00016734936798457056
202,0.001337498310022056,0.001673959312029183,1.249999968422344e-05,33.20387268066406,3.6809046268463135,0.00018013535009231418,0.0001523357059340924,0.0002478136448189616,0.00016136861813720316
203,0.0013529493007808924,0.0016701584681868553,1.249999968422344e-05,33.117855072021484,3.633373975753784,0.00017527413729112595,0.00015403794532176107,0.0002494842919986695,0.0001672701328061521
204,0.0013271799543872476,0.0016915648011490703,1.249999968422344e-05,33.91782760620117,4.019630432128906,0.0001725107285892591,0.00015398775576613843,0.00024253824085462838,0.0001691823563305661
205,0.001336786081083119,0.0016666508745402098,1.249999968422344e-05,35.674156188964844,3.7891123294830322,0.00017026381101459265,0.00015229765267577022,0.00024857406970113516,0.00016791466623544693
206,0.0013388774823397398,0.0016414253041148186,1.249999968422344e-05,32.92202377319336,3.5590598583221436,0.00017314932483714074,0.000155059271492064,0.0002491153427399695,0.00016807565407361835
207,0.0013538604835048318,0.0016558030620217323,6.24999984211172e-06,33.02105712890625,3.5453040599823,0.00017265460337512195,0.00015974229609128088,0.00024761667009443045,0.00017234132974408567
208,0.001312269945628941,0.0016623762203380466,6.24999984211172e-06,33.30758285522461,3.6368765830993652,0.00017061176185961813,0.00015454589447472245,0.00024096087145153433,0.00016203471750486642
209,0.0013064052909612656,0.0016768689965829253,6.24999984211172e-06,33.20667266845703,3.5578625202178955,0.00017239119915757328,0.0001471786090405658,0.00024189426039811224,0.00016177535871975124
210,0.001323877600952983,0.0016655406216159463,6.24999984211172e-06,33.07804489135742,3.597386121749878,0.00017725571524351835,0.00015144521603360772,0.0002456099318806082,0.00016123513341881335
211,0.0013061284553259611,0.001674299594014883,6.24999984211172e-06,32.79652404785156,3.6637165546417236,0.00016958589549176395,0.00015221584180835634,0.00024223988293670118,0.00015964241174515337
212,0.0013014903524890542,0.0016743586165830493,6.24999984211172e-06,32.75536346435547,3.6083006858825684,0.00017362317885272205,0.0001539676304673776,0.00023811623395886272,0.00015889055794104934
213,0.0013151074526831508,0.0016633616760373116,6.24999984211172e-06,33.06927490234375,3.7226216793060303,0.00017033189942594618,0.0001518150675110519,0.0002439315285300836,0.00016249546024482697
214,0.0013456878950819373,0.0016695186495780945,6.24999984211172e-06,32.82684326171875,3.609755754470825,0.00017661084712017328,0.00015432671352755278,0.0002456646179780364,0.00016773375682532787
215,0.0013164057163521647,0.0016792751848697662,6.24999984211172e-06,33.129642486572266,3.6518301963806152,0.0001738495338940993,0.00014905864372849464,0.00024405427393503487,0.0001581922551849857
216,0.001307409955188632,0.001672884332947433,6.24999984211172e-06,32.69670867919922,3.5824649333953857,0.00016984435205813497,0.0001508128480054438,0.00024021104036364704,0.00016670669720042497
217,0.0013236630475148559,0.0016531955916434526,6.24999984211172e-06,33.114261627197266,3.5941824913024902,0.0001713494275463745,0.00015088495274540037,0.00024383774143643677,0.0001639518595766276
218,0.001304956036619842,0.0016470436239615083,6.24999984211172e-06,32.866966247558594,3.5625739097595215,0.00017245324852410704,0.00015007318870630115,0.00024381814000662416,0.00016009782848414034
219,0.001288512023165822,0.0016547474078834057,3.12499992105586e-06,33.37736129760742,3.6239171028137207,0.0001702003355603665,0.00014906423166394234,0.00023946746659930795,0.00015484403411392123
220,0.0012921030865982175,0.0016387025825679302,3.12499992105586e-06,33.07024002075195,3.5964441299438477,0.0001669793127803132,0.0001507413835497573,0.00023937306832522154,0.00016285880701616406
221,0.0013245866866782308,0.0016645806608721614,3.12499992105586e-06,33.03627395629883,3.7297449111938477,0.00016896748275030404,0.00015610929403919727,0.0002429546875646338,0.00016774021787568927
222,0.001287794322706759,0.0016527101397514343,3.12499992105586e-06,33.23860549926758,3.6350934505462646,0.00016996674821712077,0.00015503958275076002,0.0002344231616007164,0.00016021821647882462
223,0.0013125489931553602,0.0016629068413749337,3.12499992105586e-06,32.74207305908203,3.5977559089660645,0.00016853606211952865,0.0001484930980950594,0.0002486184530425817,0.0001584273559274152
224,0.0012956353602930903,0.0016621998511254787,3.12499992105586e-06,32.82411193847656,3.562713623046875,0.0001727293711155653,0.00015542050823569298,0.00023202227021101862,0.00016388995572924614
225,0.001318197464570403,0.0016725776949897408,3.12499992105586e-06,32.799415588378906,3.5223207473754883,0.00016825849888846278,0.00015044637257233262,0.0002467133163008839,0.00016171263996511698
226,0.0013032869901508093,0.0016592327738180757,3.12499992105586e-06,33.11474609375,3.657470703125,0.00017022334213834256,0.00014964950969442725,0.00023988622706383467,0.00016166732530109584
227,0.0013014526339247823,0.001662883791141212,3.12499992105586e-06,32.635581970214844,3.564255714416504,0.0001705747126834467,0.0001485977991251275,0.0002388997672824189,0.00016512243018951267
228,0.0013012145645916462,0.0016840500757098198,3.12499992105586e-06,33.24412155151367,3.5679681301116943,0.00017013993056025356,0.00014980662672314793,0.00023843511007726192,0.0001603192213224247
229,0.0012905175099149346,0.0016847762744873762,3.12499992105586e-06,32.97393035888672,3.5734052658081055,0.00016742435400374234,0.00014664005720987916,0.00023797457106411457,0.00016453853459097445
230,0.0012909003999084234,0.0016788317589089274,3.12499992105586e-06,33.08341979980469,3.6324703693389893,0.00017146852042060345,0.00014969443145673722,0.00023833841260056943,0.00015886806068010628
231,0.0013006749795749784,0.0016792556270956993,1.56249996052793e-06,33.098388671875,3.5765485763549805,0.0001686261675786227,0.00015171474660746753,0.00023992251954041421,0.0001623652206035331
232,0.0013018175959587097,0.00166982167866081,1.56249996052793e-06,32.76952362060547,3.5978803634643555,0.00016629256424494088,0.00015326681022997946,0.0002391450252616778,0.0001612228516023606
233,0.0013121364172548056,0.0016765417531132698,1.56249996052793e-06,32.73554229736328,3.621580123901367,0.00017014361219480634,0.00014996781828813255,0.000244384806137532,0.00016363438044209033
234,0.0012772430200129747,0.0016702827997505665,1.56249996052793e-06,32.806861877441406,3.6062982082366943,0.00016910640988498926,0.0001492190349381417,0.00023825670359656215,0.0001538805227028206
235,0.001293072127737105,0.0016629273304715753,1.56249996052793e-06,32.79754638671875,3.6716628074645996,0.0001692766381893307,0.00014820825890637934,0.0002366224507568404,0.00016379090084228665
236,0.001298505812883377,0.0016674790531396866,1.56249996052793e-06,32.93387985229492,3.5252981185913086,0.0001693981612334028,0.00015026179607957602,0.0002355211036046967,0.00016176457575056702
237,0.001301419804804027,0.0016748271882534027,1.56249996052793e-06,32.890480041503906,3.5786240100860596,0.00016996529302559793,0.00015156947483774275,0.0002379005163675174,0.00016400593449361622
238,0.0012987604131922126,0.001661886926740408,1.56249996052793e-06,32.89888381958008,3.6135776042938232,0.00017261339235119522,0.00014981521235313267,0.00023849129502195865,0.00016067504475358874
239,0.0013066462706774473,0.001667274278588593,1.56249996052793e-06,32.96921157836914,3.640139579772949,0.00016835919814184308,0.00014636327978223562,0.0002453433407936245,0.00016214154311455786
240,0.0012959061423316598,0.0016735822428017855,1.56249996052793e-06,32.89848709106445,3.5921475887298584,0.0001695643295533955,0.00014727507368661463,0.0002373379684286192,0.00016112197772599757
241,0.0012636242900043726,0.0016669159522280097,1.56249996052793e-06,33.32014465332031,3.7091450691223145,0.00016653916100040078,0.00014806330727878958,0.00023422454250976443,0.00015681526565458626
242,0.0013114502653479576,0.0016628686571493745,1.56249996052793e-06,33.07404327392578,3.6305735111236572,0.00016835604037623852,0.00015334961062762886,0.00024252715229522437,0.00016008382954169065
243,0.0012949833180755377,0.001665285206399858,7.81249980263965e-07,33.08489227294922,3.6598570346832275,0.0001708039199002087,0.00015074931434355676,0.00023477518698200583,0.00016172119649127126
244,0.0012869162019342184,0.0016636918298900127,7.81249980263965e-07,33.48622131347656,3.748560905456543,0.00016688475443515927,0.0001522278762422502,0.00024106138153001666,0.0001601622352609411
245,0.0012955438578501344,0.00166404340416193,7.81249980263965e-07,33.44916534423828,3.7110579013824463,0.0001698199921520427,0.00014805837417952716,0.0002404595579719171,0.0001587561855558306
