epoch,train/loss,val/loss,learning_rate,train/time,val/time
0,,0.011048577725887299,,,
0,,0.0011115613160654902,,,
1,0.0017147574108093977,0.0009715167107060552,9.999999747378752e-05,121.32744598388672,1.2188892364501953
2,0.0009987959638237953,0.0008716504671610892,9.999999747378752e-05,88.00078582763672,1.0414032936096191
3,0.0008775733294896781,0.0008303016074933112,9.999999747378752e-05,92.1233901977539,1.1022679805755615
4,0.0007963617681525648,0.0007803639746271074,9.999999747378752e-05,96.70984649658203,1.0527231693267822
5,0.0007354182889685035,0.0007485824753530324,9.999999747378752e-05,103.93766784667969,1.0838079452514648
6,0.000655021402053535,0.0005954597727395594,9.999999747378752e-05,105.17156219482422,1.0797550678253174
7,0.0005542529397644103,0.0004915036261081696,9.999999747378752e-05,105.74266052246094,1.0579907894134521
8,0.0004851071862503886,0.0004094663308933377,9.999999747378752e-05,98.5561294555664,1.0603840351104736
9,0.00043727795127779245,0.00036832300247624516,9.999999747378752e-05,95.81739044189453,1.073096752166748
10,0.0004034604935441166,0.0003841387224383652,9.999999747378752e-05,97.11310577392578,1.089714527130127
11,0.00037835980765521526,0.0003345216391608119,9.999999747378752e-05,96.21651458740234,1.0649538040161133
12,0.0003592020075302571,0.0003458407009020448,9.999999747378752e-05,97.87359619140625,1.0900416374206543
13,0.00032844359520822763,0.0003461331652943045,9.999999747378752e-05,98.97976684570312,1.068164348602295
14,0.00032144240685738623,0.00029675461701117456,9.999999747378752e-05,98.36361694335938,1.0862548351287842
15,0.0002981318102683872,0.00031339292763732374,9.999999747378752e-05,96.40547180175781,1.0795466899871826
16,0.00029111694311723113,0.0002974338422063738,9.999999747378752e-05,96.4229507446289,1.0842783451080322
17,0.0002710517728701234,0.00027489097556099296,9.999999747378752e-05,96.8118667602539,1.0662977695465088
18,0.0002596694976091385,0.00027116702403873205,9.999999747378752e-05,95.96991729736328,1.0602495670318604
19,0.0002460212854202837,0.0002429244777886197,9.999999747378752e-05,96.26704406738281,1.0693862438201904
20,0.00023424137907568365,0.00024474557721987367,9.999999747378752e-05,96.5090560913086,1.0670385360717773
21,0.0002236702130176127,0.0002631288953125477,9.999999747378752e-05,96.39189147949219,1.070080041885376
22,0.00021969876252114773,0.00023176075774244964,9.999999747378752e-05,96.81864929199219,1.0914103984832764
23,0.000205481075681746,0.00021931767696514726,9.999999747378752e-05,98.27032470703125,1.071716070175171
24,0.00020237252465449274,0.00022993453603703529,9.999999747378752e-05,99.42296600341797,1.0750281810760498
25,0.00018980853201355785,0.0002123880694853142,9.999999747378752e-05,99.2297134399414,1.085191249847412
26,0.00018570410611573607,0.000246887793764472,9.999999747378752e-05,98.8588638305664,1.0765891075134277
27,0.00017894616757985204,0.00020838278578594327,9.999999747378752e-05,97.21376037597656,1.0799989700317383
28,0.00016996861086227,0.00021038076374679804,9.999999747378752e-05,96.60272216796875,1.080775499343872
29,0.00016341493756044656,0.00019660108955577016,9.999999747378752e-05,96.75254821777344,1.0807130336761475
30,0.00015820623957552016,0.00021431175991892815,9.999999747378752e-05,96.42915344238281,1.0740559101104736
31,0.0001503554085502401,0.000202924944460392,9.999999747378752e-05,96.385498046875,1.0590624809265137
32,0.00014825639664195478,0.00017938154633156955,9.999999747378752e-05,96.07949829101562,1.0704820156097412
33,0.0001403876958647743,0.0001855416048783809,9.999999747378752e-05,96.43607330322266,1.0614609718322754
34,0.00013237168604973704,0.00019363097089808434,9.999999747378752e-05,95.7358627319336,1.0720610618591309
35,0.0001301739102927968,0.00018119339074473828,9.999999747378752e-05,96.14088439941406,1.0813829898834229
36,0.00013008825771976262,0.00017927275621332228,9.999999747378752e-05,95.93909454345703,1.0684940814971924
37,0.00011982103023910895,0.00019117376359645277,9.999999747378752e-05,96.32215881347656,1.06211519241333
38,0.00011952697968808934,0.00018434756202623248,9.999999747378752e-05,107.53916931152344,1.0680880546569824
39,0.00011091279156971723,0.00017567299073562026,9.999999747378752e-05,96.39848327636719,1.077754259109497
40,0.00011282813647994772,0.00017343605577480048,9.999999747378752e-05,95.98493957519531,1.0783727169036865
41,0.00010434356954647228,0.0001747257192619145,9.999999747378752e-05,97.47189331054688,1.0728416442871094
42,0.00010361517342971638,0.00017095988732762635,9.999999747378752e-05,97.693603515625,1.076706886291504
43,9.849890921032056e-05,0.00016212035552598536,9.999999747378752e-05,102.82141876220703,1.0582563877105713
44,9.753222548170015e-05,0.00015004180022515357,9.999999747378752e-05,97.25625610351562,1.0714480876922607
45,9.34269410208799e-05,0.0001608366728760302,9.999999747378752e-05,96.77024841308594,1.0735712051391602
46,8.946729212766513e-05,0.00016411203250754625,9.999999747378752e-05,96.53813171386719,1.079444408416748
47,8.756850729696453e-05,0.00015227842959575355,9.999999747378752e-05,96.52880859375,1.0753626823425293
48,8.526367309968919e-05,0.00015852582873776555,9.999999747378752e-05,97.7078857421875,1.0577614307403564
49,8.258950401796028e-05,0.00015250382421072572,9.999999747378752e-05,96.74427795410156,1.0825326442718506
50,8.24926610221155e-05,0.00014404368994291872,9.999999747378752e-05,96.67840576171875,1.0683302879333496
51,7.937716145534068e-05,0.00015682517550885677,9.999999747378752e-05,97.96540069580078,1.0902016162872314
52,7.627267768839374e-05,0.00015197397442534566,9.999999747378752e-05,97.05742645263672,1.0624098777770996
53,7.555524643976241e-05,0.00014268347877077758,9.999999747378752e-05,96.95227813720703,1.067018985748291
54,7.281542639248073e-05,0.00013625522842630744,9.999999747378752e-05,96.73477935791016,1.0807747840881348
55,6.990699330344796e-05,0.00013916070747654885,9.999999747378752e-05,97.1512451171875,1.0616915225982666
56,7.177882071118802e-05,0.0001424170914106071,9.999999747378752e-05,96.13460540771484,1.0666279792785645
57,6.792462227167562e-05,0.00013708935875911266,9.999999747378752e-05,96.34113311767578,1.0713386535644531
58,6.71537927701138e-05,0.00012808920291718096,9.999999747378752e-05,96.23243713378906,1.0754752159118652
59,6.470172957051545e-05,0.0001382575574098155,9.999999747378752e-05,95.9563980102539,1.0682828426361084
60,6.376382225425914e-05,0.00013277081598062068,9.999999747378752e-05,95.91502380371094,1.0599000453948975
61,6.348884926410392e-05,0.0001379294990329072,9.999999747378752e-05,96.90575408935547,1.0697102546691895
62,6.115168071119115e-05,0.00013296517136041075,9.999999747378752e-05,96.4130859375,1.0615606307983398
63,5.81264503125567e-05,0.00013360519369598478,9.999999747378752e-05,96.48573303222656,1.052034616470337
64,5.680958565790206e-05,0.0001249888737220317,9.999999747378752e-05,96.86746215820312,1.0615761280059814
65,6.000636130920611e-05,0.00013145162665750831,9.999999747378752e-05,96.8025131225586,1.059161901473999
66,6.022255911375396e-05,0.00012337476073298603,9.999999747378752e-05,97.39063262939453,1.0726699829101562
67,5.691801197826862e-05,0.00012229489220771939,9.999999747378752e-05,96.9724349975586,1.0693087577819824
68,5.2264294936321676e-05,0.00012800953118130565,9.999999747378752e-05,96.83181762695312,1.071098804473877
69,5.39149041287601e-05,0.00012807297753170133,9.999999747378752e-05,96.69055938720703,1.067049264907837
70,5.353230153559707e-05,0.00014181676669977605,9.999999747378752e-05,96.5031509399414,1.0770525932312012
71,6.187877443153411e-05,0.000127581472042948,9.999999747378752e-05,96.10388946533203,1.0621342658996582
72,5.523331128642894e-05,0.00013290118658915162,9.999999747378752e-05,98.46826934814453,1.0587685108184814
73,4.949506183038466e-05,0.00012706330744549632,9.999999747378752e-05,96.29120635986328,1.065901517868042
74,4.755970439873636e-05,0.0001212547067552805,9.999999747378752e-05,96.25634765625,1.064969539642334
75,4.6119996113702655e-05,0.00012306537246331573,9.999999747378752e-05,96.44097137451172,1.0668253898620605
76,4.978406286682002e-05,0.00012179773329989985,9.999999747378752e-05,96.89861297607422,1.0750398635864258
77,4.507055928115733e-05,0.00012271838204469532,9.999999747378752e-05,97.06159210205078,1.0744283199310303
78,4.274554521543905e-05,0.00013086109538562596,9.999999747378752e-05,96.9779052734375,1.0730016231536865
79,4.4641044951276854e-05,0.000112950372567866,9.999999747378752e-05,96.0444107055664,1.070585012435913
80,4.4112250179750845e-05,0.00012166143278591335,9.999999747378752e-05,95.71929931640625,1.0760979652404785
81,4.1789153328863904e-05,0.00012025824253214523,9.999999747378752e-05,96.28759002685547,1.0552012920379639
82,4.052816439070739e-05,0.00011893077316926792,9.999999747378752e-05,96.19290161132812,1.06681227684021
83,4.144313425058499e-05,0.00011681851901812479,9.999999747378752e-05,96.12386322021484,1.0826547145843506
84,4.4154930947115645e-05,0.00011980827548541129,9.999999747378752e-05,96.07835388183594,1.0609869956970215
85,4.2785832192748785e-05,0.00012264457473065704,9.999999747378752e-05,96.10372924804688,1.0547833442687988
86,3.961640686611645e-05,0.00013499072520062327,9.999999747378752e-05,95.97470092773438,1.0656566619873047
87,3.956657383241691e-05,0.00012469843204598874,9.999999747378752e-05,96.60172271728516,1.0745859146118164
88,4.44936849817168e-05,0.00011874329356942326,9.999999747378752e-05,96.34867095947266,1.0653467178344727
89,3.522296901792288e-05,0.00011521918349899352,9.999999747378752e-05,96.45964050292969,1.0777785778045654
90,3.108422242803499e-05,0.00011315479059703648,4.999999873689376e-05,96.5210952758789,1.0796277523040771
91,2.97035148832947e-05,0.00011431264283601195,4.999999873689376e-05,96.39571380615234,1.0619704723358154
92,2.9430000722641125e-05,0.00011473646736703813,4.999999873689376e-05,95.8023910522461,1.0564336776733398
93,2.9399723644019105e-05,0.00011429221922298893,4.999999873689376e-05,96.85105895996094,1.0741407871246338
94,2.8528436814667657e-05,0.00011542135325726122,4.999999873689376e-05,96.3480224609375,1.0748472213745117
95,2.7895199309568852e-05,0.0001131847602664493,4.999999873689376e-05,96.73235321044922,1.076399564743042
96,2.729526204348076e-05,0.00011820808140328154,4.999999873689376e-05,96.58943176269531,1.0668706893920898
97,2.7192998459213413e-05,0.00011843776883324608,4.999999873689376e-05,98.50607299804688,1.0632059574127197
98,2.770329956547357e-05,0.00011715598520822823,4.999999873689376e-05,99.25109100341797,1.0592474937438965
99,2.7183688871446066e-05,0.00011700461618602276,4.999999873689376e-05,98.5858383178711,1.063704252243042
100,2.691460213100072e-05,0.00011769070260925218,4.999999873689376e-05,97.23310089111328,1.0643937587738037
101,2.4628874598420225e-05,0.00011586930486373603,4.999999873689376e-05,96.58819580078125,1.0803849697113037
102,2.3192311346065253e-05,0.0001126942370319739,2.499999936844688e-05,96.1335220336914,1.0692105293273926
103,2.251881596748717e-05,0.00011247758811805397,2.499999936844688e-05,96.14781188964844,1.080867052078247
104,2.286503695358988e-05,0.00011687240476021543,2.499999936844688e-05,97.004638671875,1.0635976791381836
